what,kind,bundleId,bundleVersion,description,time
stopped,bundle,com.maintainj.launcher.j2se,4.0.0,"com.maintainj.launcher.j2se",1375908205167
stopped,bundle,org.eclipse.jdt.junit,3.7.0.v20110505-0800,"org.eclipse.jdt.junit",1375908205167
stopped,bundle,org.eclipse.jdt.apt.ui,3.3.300.v20110305-1450,"org.eclipse.jdt.apt.ui",1375908205171
stopped,bundle,org.eclipse.jdt.debug.ui,3.6.1.v20110803_r371,"org.eclipse.jdt.debug.ui",1375908205171
stopped,bundle,org.eclipse.wb.swing.databinding,1.1.0.r37x201109091143,"org.eclipse.wb.swing.databinding",1375908205176
stopped,bundle,org.eclipse.wb.core.databinding,1.1.0.r37x201109091012,"org.eclipse.wb.core.databinding",1375908205180
stopped,bundle,org.eclipse.wb.swing.FormLayout,1.1.0.r37x201109091143,"org.eclipse.wb.swing.FormLayout",1375908205183
stopped,bundle,org.eclipse.wb.swing.MigLayout,1.1.0.r37x201109091143,"org.eclipse.wb.swing.MigLayout",1375908205186
stopped,bundle,org.eclipse.wb.swing.java6,1.1.0.r37x201109091143,"org.eclipse.wb.swing.java6",1375908205188
stopped,bundle,org.eclipse.wb.swing.jsr296,1.1.0.r37x201109091143,"org.eclipse.wb.swing.jsr296",1375908205190
stopped,bundle,org.eclipse.wb.swing,1.1.0.r37x201109091143,"org.eclipse.wb.swing",1375908205193
stopped,bundle,org.eclipse.wb.core.ui,1.1.0.r37x201109091028,"org.eclipse.wb.core.ui",1375908205194
stopped,bundle,org.eclipse.wb.layout.group,1.1.0.r37x201109091112,"org.eclipse.wb.layout.group",1375908205198
stopped,bundle,org.eclipse.wb.os.macosx,1.1.0.r37x201109091012,"org.eclipse.wb.os.macosx",1375908205199
stopped,bundle,org.eclipse.wb.core,1.1.0.r37x201109091012,"org.eclipse.wb.core",1375908205199
stopped,bundle,com.python.pydev.codecompletion,2.5.0.2012040618,"com.python.pydev.codecompletion",1375908205201
stopped,bundle,com.python.pydev.refactoring,2.5.0.2012040618,"com.python.pydev.refactoring",1375908205203
stopped,bundle,com.python.pydev.analysis,2.5.0.2012040618,"com.python.pydev.analysis",1375908205203
stopped,bundle,com.python.pydev.debug,2.5.0.2012040618,"com.python.pydev.debug",1375908205204
stopped,bundle,com.python.pydev.fastparser,2.5.0.2012040618,"com.python.pydev.fastparser",1375908205206
stopped,bundle,org.python.pydev.red_core,2.5.0.2012040618,"org.python.pydev.red_core",1375908205207
stopped,bundle,com.python.pydev,2.5.0.2012040618,"com.python.pydev",1375908205207
stopped,bundle,org.python.pydev.django,2.5.0.2012040618,"org.python.pydev.django",1375908205208
stopped,bundle,org.python.pydev.customizations,2.5.0.2012040618,"org.python.pydev.customizations",1375908205210
stopped,bundle,org.python.pydev.debug,2.5.0.2012040618,"org.python.pydev.debug",1375908205210
stopped,bundle,org.python.pydev.refactoring,2.5.0.2012040618,"org.python.pydev.refactoring",1375908205212
stopped,bundle,org.python.pydev,2.5.0.2012040618,"org.python.pydev",1375908205212
stopped,bundle,org.eclipse.jst.ejb.ui,1.1.601.v201201261600,"org.eclipse.jst.ejb.ui",1375908205216
stopped,bundle,org.eclipse.jst.j2ee.webservice.ui,1.1.500.v201105122000,"org.eclipse.jst.j2ee.webservice.ui",1375908205217
stopped,bundle,org.eclipse.jst.servlet.ui,1.1.502.v201202011054,"org.eclipse.jst.servlet.ui",1375908205220
stopped,bundle,org.eclipse.jst.jee.ui,1.0.401.v201202011107,"org.eclipse.jst.jee.ui",1375908205221
stopped,bundle,org.eclipse.jst.j2ee.navigator.ui,1.1.501.v201107261503,"org.eclipse.jst.j2ee.navigator.ui",1375908205223
stopped,bundle,org.eclipse.jst.j2ee.jca.ui,1.1.400.v201004150700,"org.eclipse.jst.j2ee.jca.ui",1375908205225
stopped,bundle,org.eclipse.jst.j2ee.ui,1.1.503.v201201190400,"org.eclipse.jst.j2ee.ui",1375908205227
activated,perspective,org.eclipse.jdt.ui,,"org.eclipse.jdt.ui.JavaPerspective",1375908278229
started,bundle,org.eclipse.osgi,3.7.1.R37x_v20110808-1106,"org.eclipse.osgi",1375908278230
started,bundle,org.eclipse.equinox.simpleconfigurator,1.0.200.v20110502-1955,"org.eclipse.equinox.simpleconfigurator",1375908278230
started,bundle,com.ibm.icu,4.4.2.v20110208,"com.ibm.icu",1375908278231
started,bundle,org.eclipse.compare.core,3.5.200.I20110208-0800,"org.eclipse.compare.core",1375908278231
started,bundle,org.eclipse.core.contenttype,3.4.100.v20110423-0524,"org.eclipse.core.contenttype",1375908278231
started,bundle,org.eclipse.core.databinding.observable,1.4.0.I20110222-0800,"org.eclipse.core.databinding.observable",1375908278232
started,bundle,org.eclipse.core.expressions,3.4.300.v20110228,"org.eclipse.core.expressions",1375908278232
started,bundle,org.eclipse.core.filebuffers,3.5.200.v20110505-0800,"org.eclipse.core.filebuffers",1375908278233
started,bundle,org.eclipse.core.filesystem,1.3.100.v20110423-0524,"org.eclipse.core.filesystem",1375908278234
started,bundle,org.eclipse.core.jobs,3.5.100.v20110404,"org.eclipse.core.jobs",1375908278234
started,bundle,org.eclipse.core.net,1.2.100.I20110511-0800,"org.eclipse.core.net",1375908278235
started,bundle,org.eclipse.core.resources,3.7.100.v20110510-0712,"org.eclipse.core.resources",1375908278235
started,bundle,org.eclipse.core.runtime,3.7.0.v20110110,"org.eclipse.core.runtime",1375908278235
started,bundle,org.eclipse.core.runtime.compatibility,3.2.100.v20100505,"org.eclipse.core.runtime.compatibility",1375908278236
started,bundle,org.eclipse.core.runtime.compatibility.auth,3.2.200.v20110110,"org.eclipse.core.runtime.compatibility.auth",1375908278237
started,bundle,org.eclipse.core.variables,3.2.500.v20110511,"org.eclipse.core.variables",1375908278237
started,bundle,org.eclipse.debug.core,3.7.0.v20110518,"org.eclipse.debug.core",1375908278238
started,bundle,org.eclipse.debug.ui,3.7.101.v20110817_r371,"org.eclipse.debug.ui",1375908278240
started,bundle,org.eclipse.egit.core,1.1.0.201109151100-r,"org.eclipse.egit.core",1375908278240
started,bundle,org.eclipse.egit.ui,1.1.0.201109151100-r,"org.eclipse.egit.ui",1375908278247
started,bundle,org.eclipse.epp.mpc.ui,1.1.1.I20110907-0947,"org.eclipse.epp.mpc.ui",1375908278247
started,bundle,org.eclipse.epp.usagedata.gathering,1.3.1.R201106061540,"org.eclipse.epp.usagedata.gathering",1375908278248
started,bundle,org.eclipse.epp.usagedata.recording,1.3.1.R201106061540,"org.eclipse.epp.usagedata.recording",1375908278248
started,bundle,org.eclipse.equinox.app,1.3.100.v20110321,"org.eclipse.equinox.app",1375908278248
started,bundle,org.eclipse.equinox.common,3.6.0.v20110523,"org.eclipse.equinox.common",1375908278249
started,bundle,org.eclipse.equinox.ds,1.3.1.R37x_v20110701,"org.eclipse.equinox.ds",1375908278249
started,bundle,org.eclipse.equinox.event,1.2.100.v20110502,"org.eclipse.equinox.event",1375908278250
started,bundle,org.eclipse.equinox.frameworkadmin,2.0.0.v20110502-1955,"org.eclipse.equinox.frameworkadmin",1375908278250
started,bundle,org.eclipse.equinox.p2.core,2.1.0.v20110502-1955,"org.eclipse.equinox.p2.core",1375908278251
started,bundle,org.eclipse.equinox.p2.directorywatcher,1.0.300.v20110502-1955,"org.eclipse.equinox.p2.directorywatcher",1375908278251
started,bundle,org.eclipse.equinox.p2.engine,2.1.0.v20110511,"org.eclipse.equinox.p2.engine",1375908278252
started,bundle,org.eclipse.equinox.p2.metadata,2.1.0.v20110510,"org.eclipse.equinox.p2.metadata",1375908278277
started,bundle,org.eclipse.equinox.p2.metadata.repository,1.2.0.v20110511-1359,"org.eclipse.equinox.p2.metadata.repository",1375908278278
started,bundle,org.eclipse.equinox.p2.operations,2.1.0.v20110511-1821,"org.eclipse.equinox.p2.operations",1375908278278
started,bundle,org.eclipse.equinox.p2.reconciler.dropins,1.1.100.v20110510,"org.eclipse.equinox.p2.reconciler.dropins",1375908278284
started,bundle,org.eclipse.equinox.p2.repository,2.1.0.v20110601,"org.eclipse.equinox.p2.repository",1375908278284
started,bundle,org.eclipse.equinox.p2.ui.sdk.scheduler,1.0.100.v20110502-1955,"org.eclipse.equinox.p2.ui.sdk.scheduler",1375908278285
started,bundle,org.eclipse.equinox.p2.updatechecker,1.1.200.v20110502-1955,"org.eclipse.equinox.p2.updatechecker",1375908278285
started,bundle,org.eclipse.equinox.preferences,3.4.1.R37x_v20110725,"org.eclipse.equinox.preferences",1375908278286
started,bundle,org.eclipse.equinox.registry,3.5.101.R37x_v20110810-1611,"org.eclipse.equinox.registry",1375908278286
started,bundle,org.eclipse.equinox.security,1.1.1.R37x_v20110822-1018,"org.eclipse.equinox.security",1375908278289
started,bundle,org.eclipse.equinox.simpleconfigurator.manipulator,2.0.0.v20110502-1955,"org.eclipse.equinox.simpleconfigurator.manipulator",1375908278289
started,bundle,org.eclipse.equinox.util,1.0.300.v20110502,"org.eclipse.equinox.util",1375908278290
started,bundle,org.eclipse.help,3.5.100.v20110426,"org.eclipse.help",1375908278291
started,bundle,org.eclipse.jdt.apt.core,3.3.500.v20110420-1015,"org.eclipse.jdt.apt.core",1375908278291
started,bundle,org.eclipse.jdt.apt.pluggable.core,1.0.400.v20110305-1450,"org.eclipse.jdt.apt.pluggable.core",1375908278292
started,bundle,org.eclipse.jdt.core,3.7.1.v_B76_R37x,"org.eclipse.jdt.core",1375908278293
started,bundle,org.eclipse.jdt.core.manipulation,1.4.0.v20110505-0800,"org.eclipse.jdt.core.manipulation",1375908278293
started,bundle,org.eclipse.jdt.debug,3.7.1.v20110802_r371,"org.eclipse.jdt.debug",1375908278305
started,bundle,org.eclipse.jdt.debug.ui,3.6.1.v20110803_r371,"org.eclipse.jdt.debug.ui",1375908278305
started,bundle,org.eclipse.jdt.junit,3.7.0.v20110505-0800,"org.eclipse.jdt.junit",1375908278307
started,bundle,org.eclipse.jdt.junit.core,3.7.0.v20110518-0800,"org.eclipse.jdt.junit.core",1375908278307
started,bundle,org.eclipse.jdt.launching,3.6.1.v20110803_r371,"org.eclipse.jdt.launching",1375908278318
started,bundle,org.eclipse.jdt.launching.macosx,3.2.100.v20110509,"org.eclipse.jdt.launching.macosx",1375908278320
started,bundle,org.eclipse.jdt.ui,3.7.1.r371_v20110824-0800,"org.eclipse.jdt.ui",1375908278320
started,bundle,org.eclipse.jem.util,2.1.100.v201103021400,"org.eclipse.jem.util",1375908278320
started,bundle,org.eclipse.jface,3.7.0.I20110522-1430,"org.eclipse.jface",1375908278321
started,bundle,org.eclipse.jgit,1.1.0.201109151100-r,"org.eclipse.jgit",1375908278322
started,bundle,org.eclipse.jsch.core,1.1.300.I20110514-0800,"org.eclipse.jsch.core",1375908278322
started,bundle,org.eclipse.ltk.core.refactoring,3.5.201.r371_v20110824-0800,"org.eclipse.ltk.core.refactoring",1375908278323
started,bundle,org.eclipse.ltk.ui.refactoring,3.6.0.v20110505-0800,"org.eclipse.ltk.ui.refactoring",1375908278324
started,bundle,org.eclipse.m2e.logback.configuration,1.0.100.20110804-1717,"org.eclipse.m2e.logback.configuration",1375908278324
started,bundle,org.eclipse.mylyn.bugzilla.core,3.6.2.v20110903-0100,"org.eclipse.mylyn.bugzilla.core",1375908278325
started,bundle,org.eclipse.mylyn.bugzilla.ui,3.6.0.v20110608-1400,"org.eclipse.mylyn.bugzilla.ui",1375908278326
started,bundle,org.eclipse.mylyn.commons.identity,0.8.0.v20110608-1400,"org.eclipse.mylyn.commons.identity",1375908278326
started,bundle,org.eclipse.mylyn.commons.net,3.6.0.v20110608-1400,"org.eclipse.mylyn.commons.net",1375908278326
started,bundle,org.eclipse.mylyn.commons.ui,3.6.1.v20110720-0100,"org.eclipse.mylyn.commons.ui",1375908278327
started,bundle,org.eclipse.mylyn.context.core,3.6.1.v20110720-0100,"org.eclipse.mylyn.context.core",1375908278327
started,bundle,org.eclipse.mylyn.context.ui,3.6.0.v20110608-1400,"org.eclipse.mylyn.context.ui",1375908278329
started,bundle,org.eclipse.mylyn.monitor.ui,3.6.0.v20110608-1400,"org.eclipse.mylyn.monitor.ui",1375908278330
started,bundle,org.eclipse.mylyn.tasks.ui,3.6.2.v20110826-0100,"org.eclipse.mylyn.tasks.ui",1375908278331
started,bundle,org.eclipse.mylyn.team.ui,3.6.1.v20110825-0100,"org.eclipse.mylyn.team.ui",1375908278331
started,bundle,org.eclipse.search,3.7.0.v20110505-0800,"org.eclipse.search",1375908278332
started,bundle,org.eclipse.team.core,3.6.0.I20110525-0800,"org.eclipse.team.core",1375908278333
started,bundle,org.eclipse.team.cvs.core,3.3.400.I20110510-0800,"org.eclipse.team.cvs.core",1375908278334
started,bundle,org.eclipse.team.ui,3.6.100.I20110525-0800,"org.eclipse.team.ui",1375908278334
started,bundle,org.eclipse.ui,3.7.0.I20110602-0100,"org.eclipse.ui",1375908278336
started,bundle,org.eclipse.ui.console,3.5.100.v20110511,"org.eclipse.ui.console",1375908278336
started,bundle,org.eclipse.ui.editors,3.7.0.v20110517-0800,"org.eclipse.ui.editors",1375908278336
started,bundle,org.eclipse.ui.forms,3.5.100.v20110425,"org.eclipse.ui.forms",1375908278337
started,bundle,org.eclipse.ui.ide,3.7.0.v20110809-1737,"org.eclipse.ui.ide",1375908278339
started,bundle,org.eclipse.ui.net,1.2.100.I20110511-0800,"org.eclipse.ui.net",1375908278339
started,bundle,org.eclipse.ui.views,3.6.0.I20110412-0800,"org.eclipse.ui.views",1375908278340
started,bundle,org.eclipse.ui.workbench,3.7.0.I20110519-0100,"org.eclipse.ui.workbench",1375908278341
started,bundle,org.eclipse.ui.workbench.texteditor,3.7.0.v20110505-0800,"org.eclipse.ui.workbench.texteditor",1375908278342
started,bundle,org.eclipse.update.configurator,3.3.100.v20100512,"org.eclipse.update.configurator",1375908278342
started,bundle,org.eclipse.update.core,3.2.500.v20110330,"org.eclipse.update.core",1375908278343
started,bundle,org.eclipse.update.scheduler,3.2.300.v20100512,"org.eclipse.update.scheduler",1375908278343
started,bundle,org.eclipse.wb.discovery.core,1.1.0.r37x201109091028,"org.eclipse.wb.discovery.core",1375908278343
started,bundle,org.eclipse.wst.common.core,1.2.0.v200908252030,"org.eclipse.wst.common.core",1375908278344
started,bundle,org.eclipse.wst.common.emf,1.2.100.v201101101900,"org.eclipse.wst.common.emf",1375908278345
started,bundle,org.eclipse.wst.common.emfworkbench.integration,1.2.101.v201107140600,"org.eclipse.wst.common.emfworkbench.integration",1375908278345
started,bundle,org.eclipse.wst.common.frameworks.ui,1.2.100.v201105122000,"org.eclipse.wst.common.frameworks.ui",1375908278346
started,bundle,org.eclipse.emf.common,2.7.0.v20120127-1122,"org.eclipse.emf.common",1375908278347
started,bundle,org.eclipse.emf.ecore,2.7.0.v20120127-1122,"org.eclipse.emf.ecore",1375908278348
started,bundle,org.eclipse.emf.ecore.xmi,2.7.0.v20120127-1122,"org.eclipse.emf.ecore.xmi",1375908278349
started,bundle,org.eclipse.jem,2.0.501.v201111030500,"org.eclipse.jem",1375908278350
started,bundle,org.eclipse.jem.workbench,2.0.400.v201104251400,"org.eclipse.jem.workbench",1375908278350
started,bundle,org.eclipse.jst.common.frameworks,1.1.501.v201201190400,"org.eclipse.jst.common.frameworks",1375908278351
started,bundle,org.eclipse.jst.common.project.facet.core,1.4.200.v201103170302,"org.eclipse.jst.common.project.facet.core",1375908278351
started,bundle,org.eclipse.jst.j2ee,1.1.503.v201202090300,"org.eclipse.jst.j2ee",1375908278352
started,bundle,org.eclipse.jst.j2ee.core,1.2.102.v201202090300,"org.eclipse.jst.j2ee.core",1375908278354
started,bundle,org.eclipse.jst.ws.jaxrs.core,1.0.301.v201108240656,"org.eclipse.jst.ws.jaxrs.core",1375908278354
started,bundle,org.eclipse.team.cvs.ui,3.3.401.v20120126-1227,"org.eclipse.team.cvs.ui",1375908278355
started,bundle,org.eclipse.wst.common.frameworks,1.2.102.v201201190400,"org.eclipse.wst.common.frameworks",1375908278356
started,bundle,org.eclipse.wst.common.modulecore,1.2.103.v201201190400,"org.eclipse.wst.common.modulecore",1375908278357
started,bundle,org.eclipse.wst.common.project.facet.core,1.4.201.v201201101553,"org.eclipse.wst.common.project.facet.core",1375908278357
started,bundle,org.eclipse.wst.validation,1.2.303.v201202090300,"org.eclipse.wst.validation",1375908278358
started,bundle,org.eclipse.wst.xml.core,1.1.602.v201201091944,"org.eclipse.wst.xml.core",1375908278359
started,bundle,com.mountainminds.eclemma.core,2.2.1.201306092145,"com.mountainminds.eclemma.core",1375908278360
started,bundle,com.mountainminds.eclemma.ui,2.2.1.201306092145,"com.mountainminds.eclemma.ui",1375908278361
os,sysinfo,,,"macosx",1375908278391
arch,sysinfo,,,"x86_64",1375908278391
ws,sysinfo,,,"cocoa",1375908278391
locale,sysinfo,,,"en_US",1375908278391
processors,sysinfo,,,"4",1375908278391
java.runtime.name,sysinfo,,,"Java(TM) SE Runtime Environment",1375908278391
java.runtime.version,sysinfo,,,"1.6.0_51-b11-457-11M4509",1375908278391
java.specification.name,sysinfo,,,"Java Platform API Specification",1375908278391
java.specification.vendor,sysinfo,,,"Sun Microsystems Inc.",1375908278391
java.specification.version,sysinfo,,,"1.6",1375908278391
java.vendor,sysinfo,,,"Apple Inc.",1375908278391
java.version,sysinfo,,,"1.6.0_51",1375908278391
java.vm.info,sysinfo,,,"mixed mode",1375908278391
java.vm.name,sysinfo,,,"Java HotSpot(TM) 64-Bit Server VM",1375908278391
java.vm.specification.name,sysinfo,,,"Java Virtual Machine Specification",1375908278391
java.vm.specification.vendor,sysinfo,,,"Sun Microsystems Inc.",1375908278391
java.vm.specification.version,sysinfo,,,"1.0",1375908278391
java.vm.vendor,sysinfo,,,"Apple Inc.",1375908278391
java.vm.version,sysinfo,,,"20.51-b01-457",1375908278391
started,bundle,org.eclipse.m2e.usagedata,1.0.100.20110804-1717,"org.eclipse.m2e.usagedata",1375908278399
started,bundle,org.eclipse.wb.discovery.ui,1.1.0.r37x201109091028,"org.eclipse.wb.discovery.ui",1375908279130
started,bundle,org.eclipse.wst.web,1.1.501.v201201190400,"org.eclipse.wst.web",1375908279161
started,bundle,com.objectaid.uml,1.1.2,"com.objectaid.uml",1375908279362
started,bundle,com.objectaid.uml.cls,1.1.2,"com.objectaid.uml.cls",1375908280372
started,bundle,org.eclipse.gef,3.7.2.v20111106-2020,"org.eclipse.gef",1375908280376
started,bundle,com.objectaid.uml.seq,1.1.2,"com.objectaid.uml.seq",1375908280390
started,bundle,org.eclipse.draw2d,3.7.2.v20111017-2020,"org.eclipse.draw2d",1375908280526
started,bundle,org.eclipse.wst.server.core,1.1.304.v20120208_1420,"org.eclipse.wst.server.core",1375908284285
started,bundle,org.eclipse.wst.server.ui,1.3.0.v20120210_1439,"org.eclipse.wst.server.ui",1375908284300
started,bundle,org.eclipse.dltk.debug,0.9.0.v20070621,"org.eclipse.dltk.debug",1375908284326
started,bundle,org.eclipse.dltk.debug.ui,0.9.0.v20070621,"org.eclipse.dltk.debug.ui",1375908284332
started,bundle,org.eclipse.dltk.ruby.debug.ui,0.9.0.r09_v20070927,"org.eclipse.dltk.ruby.debug.ui",1375908284333
started,bundle,org.eclipse.dltk.core,0.9.1.r09_v20070927a,"org.eclipse.dltk.core",1375908284394
started,bundle,org.eclipse.dltk.tcl.debug.ui,0.9.0.v20070619,"org.eclipse.dltk.tcl.debug.ui",1375908284395
started,bundle,org.eclipse.m2e.launching,1.0.100.20110804-1717,"org.eclipse.m2e.launching",1375908287249
started,bundle,org.python.pydev.core,2.5.0.2012040618,"org.python.pydev.core",1375908287276
started,bundle,org.python.pydev.debug,2.5.0.2012040618,"org.python.pydev.debug",1375908287280
deactivated,workbench,org.eclipse.ui.workbench,3.7.0.I20110519-0100,"",1375908288185
opened,view,org.eclipse.ui.console,3.5.100.v20110511,"org.eclipse.ui.console.ConsoleView",1375908289187
started,bundle,com.python.pydev.analysis,2.5.0.2012040618,"com.python.pydev.analysis",1375908289310
started,bundle,org.python.pydev,2.5.0.2012040618,"org.python.pydev",1375908289332
started,bundle,org.eclipse.dltk.validators.ui,0.9.0.v20070620,"org.eclipse.dltk.validators.ui",1375908289336
activated,workbench,org.eclipse.ui.workbench,3.7.0.I20110519-0100,"",1375908292041
activated,view,com.mountainminds.eclemma.ui,2.2.1.201306092145,"com.mountainminds.eclemma.ui.CoverageView",1375908294437
deactivated,workbench,org.eclipse.ui.workbench,3.7.0.I20110519-0100,"",1375908353257
activated,workbench,org.eclipse.ui.workbench,3.7.0.I20110519-0100,"",1375908423775
activated,editor,org.eclipse.jdt.ui,3.7.1.r371_v20110824-0800,"org.eclipse.jdt.ui.CompilationUnitEditor",1375908465928
opened,editor,org.eclipse.jdt.ui,3.7.1.r371_v20110824-0800,"org.eclipse.jdt.ui.CompilationUnitEditor",1375908466546
activated,editor,org.eclipse.jdt.ui,3.7.1.r371_v20110824-0800,"org.eclipse.jdt.ui.CompilationUnitEditor",1375908466644
activated,editor,org.eclipse.jdt.ui,3.7.1.r371_v20110824-0800,"org.eclipse.jdt.ui.CompilationUnitEditor",1375908469971
deactivated,workbench,org.eclipse.ui.workbench,3.7.0.I20110519-0100,"",1375908470791
activated,workbench,org.eclipse.ui.workbench,3.7.0.I20110519-0100,"",1375908473878
opened,editor,org.eclipse.jdt.ui,3.7.1.r371_v20110824-0800,"org.eclipse.jdt.ui.CompilationUnitEditor",1375908474017
activated,editor,org.eclipse.jdt.ui,3.7.1.r371_v20110824-0800,"org.eclipse.jdt.ui.CompilationUnitEditor",1375908474147
executed,command,org.eclipse.ui,3.7.0.I20110602-0100,"org.eclipse.ui.edit.copy",1375908487833
started,bundle,org.eclipse.mylyn.java.tasks,3.6.0.v20110608-1400,"org.eclipse.mylyn.java.tasks",1375908547488
executed,command,org.eclipse.ui,3.7.0.I20110602-0100,"org.eclipse.ui.edit.copy",1375908548289
executed,command,org.eclipse.ui,3.7.0.I20110602-0100,"org.eclipse.ui.edit.paste",1375908551198
executed,command,org.eclipse.ui,3.7.0.I20110602-0100,"org.eclipse.ui.edit.copy",1375908567026
executed,command,org.eclipse.ui,3.7.0.I20110602-0100,"org.eclipse.ui.edit.paste",1375908568796
executed,command,org.eclipse.ui,3.7.0.I20110602-0100,"org.eclipse.ui.edit.paste",1375908569395
executed,command,org.eclipse.ui,3.7.0.I20110602-0100,"org.eclipse.ui.edit.paste",1375908569987
executed,command,org.eclipse.ui,3.7.0.I20110602-0100,"org.eclipse.ui.edit.paste",1375908570579
started,bundle,org.eclipse.wb.core.lib,1.1.0.r37x201109091012,"org.eclipse.wb.core.lib",1375908618916
started,bundle,org.eclipse.wb.core,1.1.0.r37x201109091012,"org.eclipse.wb.core",1375908618933
executed,command,org.eclipse.ui,3.7.0.I20110602-0100,"org.eclipse.ui.file.save",1375908619087
started,bundle,org.eclipse.wst.dtd.core,1.1.501.v201107252021,"org.eclipse.wst.dtd.core",1375908619239
started,bundle,org.eclipse.jst.jee,1.0.402.v201202021530,"org.eclipse.jst.jee",1375908619243
started,bundle,org.eclipse.wst.sse.ui,1.3.2.v201201041522,"org.eclipse.wst.sse.ui",1375908619245
started,bundle,org.eclipse.wst.html.ui,1.0.602.v201202091936,"org.eclipse.wst.html.ui",1375908619246
started,bundle,org.eclipse.jst.server.core,1.2.202.v20110419,"org.eclipse.jst.server.core",1375908619253
started,bundle,org.eclipse.wst.sse.core,1.1.602.v201112071516,"org.eclipse.wst.sse.core",1375908619263
started,bundle,org.eclipse.wst.wsdl.validation,1.1.502.v201104071820,"org.eclipse.wst.wsdl.validation",1375908619272
started,bundle,org.eclipse.wst.xsd.core,1.1.600.v201104070312,"org.eclipse.wst.xsd.core",1375908619275
activated,view,com.mountainminds.eclemma.ui,2.2.1.201306092145,"com.mountainminds.eclemma.ui.CoverageView",1375908635444
activated,editor,org.eclipse.jdt.ui,3.7.1.r371_v20110824-0800,"org.eclipse.jdt.ui.CompilationUnitEditor",1375908648864
executed,command,org.eclipse.ui,3.7.0.I20110602-0100,"org.eclipse.ui.edit.paste",1375908650263
executed,command,org.eclipse.ui,3.7.0.I20110602-0100,"org.eclipse.ui.edit.paste",1375908650866
executed,command,org.eclipse.ui,3.7.0.I20110602-0100,"org.eclipse.ui.edit.paste",1375908651323
started,bundle,org.eclipse.compare,3.5.201.R37x_v20110817-0800,"org.eclipse.compare",1375908684321
executed,command,org.eclipse.ui,3.7.0.I20110602-0100,"org.eclipse.ui.edit.copy",1375908691483
executed,command,org.eclipse.ui,3.7.0.I20110602-0100,"org.eclipse.ui.edit.paste",1375908697260
executed,command,org.eclipse.ui,3.7.0.I20110602-0100,"org.eclipse.ui.edit.paste",1375908701845
executed,command,org.eclipse.ui,3.7.0.I20110602-0100,"org.eclipse.ui.edit.paste",1375908705476
executed,command,org.eclipse.ui,3.7.0.I20110602-0100,"org.eclipse.ui.edit.copy",1375908726180
executed,command,org.eclipse.ui,3.7.0.I20110602-0100,"org.eclipse.ui.edit.paste",1375908727938
activated,editor,org.eclipse.jdt.ui,3.7.1.r371_v20110824-0800,"org.eclipse.jdt.ui.CompilationUnitEditor",1375908784307
activated,editor,org.eclipse.jdt.ui,3.7.1.r371_v20110824-0800,"org.eclipse.jdt.ui.CompilationUnitEditor",1375908796212
activated,editor,org.eclipse.jdt.ui,3.7.1.r371_v20110824-0800,"org.eclipse.jdt.ui.CompilationUnitEditor",1375908804062
activated,editor,org.eclipse.jdt.ui,3.7.1.r371_v20110824-0800,"org.eclipse.jdt.ui.CompilationUnitEditor",1375908811984
executed,command,org.eclipse.ui,3.7.0.I20110602-0100,"org.eclipse.ui.edit.copy",1375908828324
executed,command,org.eclipse.ui,3.7.0.I20110602-0100,"org.eclipse.ui.edit.paste",1375908829762
executed,command,org.eclipse.ui,3.7.0.I20110602-0100,"org.eclipse.ui.file.save",1375908840519
deactivated,workbench,org.eclipse.ui.workbench,3.7.0.I20110519-0100,"",1375908845605
activated,workbench,org.eclipse.ui.workbench,3.7.0.I20110519-0100,"",1375908849335
activated,view,com.mountainminds.eclemma.ui,2.2.1.201306092145,"com.mountainminds.eclemma.ui.CoverageView",1375908851083
activated,editor,org.eclipse.jdt.ui,3.7.1.r371_v20110824-0800,"org.eclipse.jdt.ui.CompilationUnitEditor",1375908879730
activated,editor,org.eclipse.jdt.ui,3.7.1.r371_v20110824-0800,"org.eclipse.jdt.ui.CompilationUnitEditor",1375908886594
executed,command,org.eclipse.ui,3.7.0.I20110602-0100,"org.eclipse.ui.edit.copy",1375908901315
executed,command,org.eclipse.ui,3.7.0.I20110602-0100,"org.eclipse.ui.edit.paste",1375908903432
activated,editor,org.eclipse.jdt.ui,3.7.1.r371_v20110824-0800,"org.eclipse.jdt.ui.CompilationUnitEditor",1375908918655
activated,editor,org.eclipse.jdt.ui,3.7.1.r371_v20110824-0800,"org.eclipse.jdt.ui.CompilationUnitEditor",1375908948522
started,bundle,org.eclipse.mylyn.ide.ui,3.6.0.v20110608-1400,"org.eclipse.mylyn.ide.ui",1375908976445
started,bundle,org.eclipse.mylyn.java.ui,3.6.0.v20110608-1400,"org.eclipse.mylyn.java.ui",1375908976461
executed,command,org.eclipse.ui,3.7.0.I20110602-0100,"org.eclipse.ui.edit.copy",1375908987408
executed,command,org.eclipse.ui,3.7.0.I20110602-0100,"org.eclipse.ui.edit.paste",1375908988591
executed,command,org.eclipse.ui,3.7.0.I20110602-0100,"org.eclipse.ui.edit.copy",1375908993528
executed,command,org.eclipse.ui,3.7.0.I20110602-0100,"org.eclipse.ui.edit.paste",1375908994839
executed,command,org.eclipse.ui,3.7.0.I20110602-0100,"org.eclipse.ui.edit.undo",1375909010755
executed,command,org.eclipse.ui,3.7.0.I20110602-0100,"org.eclipse.ui.edit.undo",1375909011142
executed,command,org.eclipse.ui,3.7.0.I20110602-0100,"org.eclipse.ui.edit.undo",1375909011545
executed,command,org.eclipse.ui,3.7.0.I20110602-0100,"org.eclipse.ui.edit.undo",1375909012047
executed,command,org.eclipse.ui,3.7.0.I20110602-0100,"org.eclipse.ui.edit.undo",1375909012837
